시,WGS84위도,WGS84경도
가,37.24880806,127.2524786
나,37.15200452,127.1995521
다,37.15747446,127.3566083
