시,WGS84위도,WGS84경도
포곡모현유림,37.28543358,127.2196213
양지원삼백암,37.19747198,127.2860647
남사이동동부,37.17243121,127.2058079
